"Num_Acc";"id_usager";"id_vehicule";"num_veh";"place";"catu";"grav";"sexe";"an_nais";"trajet";"secu1";"secu2";"secu3";"locp";"actp";"etatp"
"202400000001";"203 988 581";"155 781 758";"A01";"1";"1";"3";"1";"2003";"2";"1";" -1";" -1";" -1";" -1";" -1"
"202400000001";"203 988 582";"155 781 759";"B01";"1";"1";"1";"1";"1997";"4";"1";" -1";" -1";" -1";" -1";" -1"
"202400000002";"203 988 579";"155 781 757";"A01";"10";"3";"3";"2";"1927";"5";"0";" -1";" -1";"3";"3";"1"
"202400000002";"203 988 580";"155 781 757";"A01";"1";"1";"1";"1";"1987";"4";"1";"0";" -1";"3";"3";"1"
"202400000003";"203 988 574";"155 781 756";"A01";"2";"2";"4";"2";"2007";"5";"8";"0";" -1";" -1";" -1";" -1"
"202400000003";"203 988 575";"155 781 756";"A01";"10";"3";"4";"1";"2007";"5";"0";" -1";" -1";"6";"B";"3"
"202400000003";"203 988 576";"155 781 756";"A01";"10";"3";"3";"2";"2008";"5";"0";" -1";" -1";"6";"B";"3"
"202400000003";"203 988 577";"155 781 756";"A01";"1";"1";"4";"2";"2007";"5";"8";"0";" -1";" -1";" -1";" -1"
"202400000003";"203 988 578";"155 781 756";"A01";"10";"3";"1";"1";"2007";"5";"0";" -1";" -1";"6";"B";"3"
